{
	"format_version": "1.8.0",
	"animations": {
		"idle": {
			"loop": true,
			"animation_length": 2,
			"bones": {
				"_": {
					"position": {
						"0.0": [0, 0, 0],
						"1.0": [0, 0, 0],
						"2.0": [0, 0, 0]
					}
				},
				"right_arm": {
					"rotation": {
						"0.0": [0, 0, 0],
						"1.0": [0, 0, 0],
						"2.0": [0, 0, 0]
					}
				},
				"left_arm": {
					"rotation": {
						"0.0": [0, 0, 0],
						"1.0": [0, 0, 0],
						"2.0": [0, 0, 0]
					}
				},
				"all": {
					"position": [0, -4, 0],
					"scale": 0.8
				}
			}
		},
		"attack": {
			"loop": "hold_on_last_frame",
			"animation_length": 0.5,
			"bones": {
				"_": {
					"rotation": {
						"0.0": [0, 0, 0],
						"0.0833": [0, 0, 0],
						"0.25": [0, 0, 0],
						"0.5": [0, 0, 0]
					},
					"position": {
						"0.0": [0, 0, 0],
						"0.125": [0, 0, 0],
						"0.25": [0, 0, 0],
						"0.5": [0, 0, 0]
					}
				},
				"right_arm": {
					"rotation": {
						"0.0": [0, 0, 0],
						"0.125": [0, 0, 0],
						"0.25": [0, 0, 0],
						"0.375": [0, 0, 0],
						"0.5": [0, 0, 0]
					}
				},
				"left_arm": {
					"rotation": {
						"0.0": [0, 0, 0],
						"0.125": [0, 0, 0],
						"0.25": [0, 0, 0],
						"0.375": [0, 0, 0],
						"0.5": [0, 0, 0]
					}
				},
				"bone7": {
					"rotation": [0, 0, 0]
				},
				"Head": {
					"rotation": {
						"0.0": [0, 0, 0],
						"0.25": [0, 0, 0],
						"0.5": [0, 0, 0]
					}
				},
				"all": {
					"position": [0, -4, 0],
					"scale": 0.8
				}
			}
		},
		"walk": {
			"loop": true,
			"animation_length": 2,
			"bones": {
				"_": {
					"rotation": [19, 0, 0],
					"position": {
						"0.0": [0, 0, 0],
						"1.0": [0, 0, 0],
						"2.0": [0, 0, 0]
					}
				},
				"right_arm": {
					"rotation": {
						"0.0": [0, 0, 0],
						"1.0": [0, 0, 0],
						"2.0": [0, 0, 0]
					}
				},
				"left_arm": {
					"rotation": {
						"0.0": [0, 0, 0],
						"1.0": [0, 0, 0],
						"2.0": [0, 0, 0]
					}
				},
				"Head": {
					"rotation": [-10, 0, 0]
				},
				"all": {
					"rotation": [12.5, 0, 0],
					"position": [0, -3, 0],
					"scale": 0.8
				},
				"Lleg": {
					"rotation": [-5, 0, 0]
				}
			}
		},
		"sit": {
			"loop": true,
			"animation_length": 1.9167,
			"bones": {
				"_": {
					"position": [0, -8, 0]
				},
				"right_arm": {
					"rotation": [-11.72268, -5.65925, -25.41856]
				},
				"bone8": {
					"rotation": [0, 0, -4]
				},
				"left_arm": {
					"rotation": [-7.48052, 5.01848, 33.67172]
				},
				"left_leg": {
					"rotation": [18.04111, 3.80393, 1.23789],
					"position": [0, -0.6, 0]
				},
				"all": {
					"position": [0, -4, 0],
					"scale": 0.8
				},
				"Larm": {
					"rotation": [-20.3018, -14.9084, -34.8161],
					"position": [-0.25, 0, 0]
				},
				"Rarm": {
					"rotation": [-20.30179, 14.90835, 34.81608],
					"position": [0.25, 0, 0]
				},
				"Head": {
					"rotation": [12.5, 0, 0]
				},
				"bone3": {
					"rotation": [-5, 0, 0]
				},
				"bon": {
					"rotation": [-5, 0, 0]
				}
			}
		},
		"lies": {
			"loop": true,
			"animation_length": 2,
			"bones": {
				"_": {
					"rotation": [0, 0, 0],
					"position": [0, -7, 0]
				},
				"right_arm": {
					"rotation": [-11.72268, -5.65925, -25.41856]
				},
				"bone8": {
					"rotation": [0, 0, -4]
				},
				"left_arm": {
					"rotation": [-7.48052, 5.01848, 33.67172]
				},
				"left_leg": {
					"rotation": [18.04111, 3.80393, 1.23789],
					"position": [0, -0.6, 0]
				},
				"all": {
					"position": [0, -4.5, 0],
					"scale": 0.8
				},
				"Larm": {
					"rotation": [55.0274, 11.6958, -50.6019],
					"position": [0, -1, -1]
				},
				"Rarm": {
					"rotation": [55.02736, -11.69585, 50.60193],
					"position": [0, -1, -1]
				},
				"torso": {
					"rotation": [12.5, 0, 0],
					"position": [0, 0.2, -2]
				},
				"Head": {
					"rotation": [-7.5, 0, 0],
					"position": [0, -0.5, 0.5]
				},
				"Lleg": {
					"rotation": [6.59852, -0.00018, 0.30744]
				},
				"Rleg": {
					"rotation": [-2.5, 0, 0]
				},
				"bone3": {
					"rotation": {
						"0.0": [-19.17978, 6.0523, -11.98052],
						"0.25": [-19.33, 6.05, -11.98],
						"0.5": [-19.8, 6.05, -11.98],
						"0.75": [-21.21, 6.05, -11.98],
						"1.0": [-21.67978, 6.0523, -11.98052],
						"1.25": [-21.21, 6.05, -11.98],
						"1.5": [-19.8, 6.05, -11.98],
						"1.75": [-19.33, 6.05, -11.98],
						"2.0": [-19.17978, 6.0523, -11.98052]
					},
					"position": [0, -0.2, 0]
				},
				"bon": {
					"rotation": {
						"0.0": [-19.1798, -6.0523, 11.9805],
						"0.25": [-19.33, -6.05, 11.98],
						"0.5": [-19.8, -6.05, 11.98],
						"0.75": [-21.21, -6.05, 11.98],
						"1.0": [-21.67978, -6.0523, 11.9805],
						"1.25": [-21.21, -6.05, 11.98],
						"1.5": [-19.8, -6.05, 11.98],
						"1.75": [-19.33, -6.05, 11.98],
						"2.0": [-19.18, -6.05, 11.98]
					}
				}
			}
		}
	},
	"geckolib_format_version": 2
}