{
	"format_version": "1.12.0",
	"minecraft:geometry": [
		{
			"description": {
				"identifier": "geometry.demonic_husband",
				"texture_width": 64,
				"texture_height": 64,
				"visible_bounds_width": 3,
				"visible_bounds_height": 3.5,
				"visible_bounds_offset": [0, 1.25, 0]
			},
			"bones": [
				{
					"name": "all",
					"pivot": [0, 22, 0]
				},
				{
					"name": "arms",
					"parent": "all",
					"pivot": [0, 27.4, -1.1]
				},
				{
					"name": "Larm",
					"parent": "arms",
					"pivot": [-3, 24, 0],
					"cubes": [
						{"origin": [-5, 14.5, -1.1], "size": [2, 10, 2], "pivot": [-4, 22.5, -0.1], "rotation": [0, 0, 22.5], "uv": [0, 38], "mirror": true}
					]
				},
				{
					"name": "Rarm",
					"parent": "arms",
					"pivot": [3, 24, 0],
					"cubes": [
						{"origin": [3, 14.5, -1.1], "size": [2, 10, 2], "pivot": [4, 22.5, -0.1], "rotation": [0, 0, -22.5], "uv": [0, 38]}
					]
				},
				{
					"name": "torso",
					"parent": "all",
					"pivot": [0, 23, 1],
					"cubes": [
						{"origin": [-3.5, 13, -2.25], "size": [7, 7, 4], "pivot": [0, 16.5, -0.25], "rotation": [5, 0, 0], "uv": [0, 16]},
						{"origin": [-0.53614, 18.16861, -4.31288], "size": [1.07227, 2, 2], "pivot": [-1.96386, 19.16861, -4.31288], "rotation": [27.5, 0, 0], "uv": [47, 33]},
						{"origin": [0.975, 15.25381, -2.33784], "size": [3, 4, 4], "pivot": [2.975, 17.75381, -0.33784], "rotation": [4.33287, 2.49762, -29.9055], "uv": [32, 8]},
						{"origin": [-3.975, 15.25381, -2.33784], "size": [3, 4, 4], "pivot": [-2.975, 17.75381, -0.33784], "rotation": [4.33287, -2.49762, 29.9055], "uv": [32, 8], "mirror": true},
						{"origin": [-3.5, 19.52993, -2.23823], "size": [7, 5, 4], "pivot": [0, 22.02993, -0.23823], "rotation": [-7.5, 0, 0], "uv": [22, 16]},
						{"origin": [-2, 24.25, -2.5], "size": [4, 1, 4], "uv": [16, 36]},
						{"origin": [0, 16, 1.25], "size": [0, 3, 8], "pivot": [0, 16, 2.25], "rotation": [-20, 0, 0], "uv": [32, 53]}
					]
				},
				{
					"name": "Head",
					"parent": "torso",
					"pivot": [0, 25.42278, 0.89824],
					"cubes": [
						{"origin": [-4, 25.17278, -3.35176], "size": [8, 8, 8], "uv": [0, 0]},
						{"origin": [-4.45, 22.69778, -3.82676], "size": [8.925, 10.95, 8.925], "uv": [0, 46]},
						{"origin": [0.75, 25.92278, -3.50176], "size": [3, 2, 0], "pivot": [2.25, 27.17278, -3.46426], "rotation": [0, 0, 5], "uv": [16, 27]},
						{"origin": [1, 26.17278, -3.52676], "size": [1, 1, 0], "uv": [17, 32]},
						{"origin": [1.25, 25.42278, -3.40176], "size": [3, 3, 0], "pivot": [2.25, 27.17278, -3.46426], "rotation": [0, 0, 5], "uv": [16, 29]},
						{"origin": [-2, 26.17278, -3.52676], "size": [1, 1, 0], "uv": [17, 32], "mirror": true},
						{"origin": [-3.75, 25.92278, -3.50176], "size": [3, 2, 0], "pivot": [-2.25, 27.17278, -3.46426], "rotation": [0, 0, -5], "uv": [16, 27], "mirror": true},
						{"origin": [-4.25, 25.42278, -3.40176], "size": [3, 3, 0], "pivot": [-2.25, 27.17278, -3.46426], "rotation": [0, 0, -5], "uv": [16, 29], "mirror": true},
						{"origin": [-5, 30.17278, -2.10176], "size": [2, 4, 2], "pivot": [-4, 30.17278, -1.10176], "rotation": [74.44872, 5.26859, -13.97902], "uv": [8, 38]},
						{"origin": [3, 30.17278, -2.10176], "size": [2, 4, 2], "pivot": [4, 30.17278, -1.10176], "rotation": [74.44872, -5.26859, 13.97902], "uv": [8, 38], "mirror": true}
					]
				},
				{
					"name": "RWing",
					"parent": "torso",
					"pivot": [-2.3, 21.3, 1.6],
					"cubes": [
						{"origin": [-6.3, 14.3, -0.4], "size": [0, 9, 14], "pivot": [-6.3, 18.8, 6.6], "rotation": [-10, -37.5, 0], "uv": [36, 31]}
					]
				},
				{
					"name": "Lwing",
					"parent": "torso",
					"pivot": [2.3, 21.3, 1.6],
					"cubes": [
						{"origin": [6.3, 14.3, -0.4], "size": [0, 9, 14], "pivot": [6.3, 18.8, 6.6], "rotation": [-10, 37.5, 0], "uv": [36, 31], "mirror": true}
					]
				},
				{
					"name": "bone3",
					"parent": "torso",
					"pivot": [1, 21.5, -2],
					"cubes": [
						{"origin": [0, 19.5, -5], "size": [4, 4, 4], "pivot": [1, 21.5, -2], "rotation": [27.86082, -8.86042, -4.65468], "uv": [44, 17]}
					]
				},
				{
					"name": "bon",
					"parent": "torso",
					"pivot": [-1, 21.5, -2],
					"cubes": [
						{"origin": [-4, 19.5, -5], "size": [4, 4, 4], "pivot": [-1, 21.5, -2], "rotation": [27.86082, 8.86042, 4.65468], "uv": [44, 17], "mirror": true}
					]
				},
				{
					"name": "legs",
					"parent": "all",
					"pivot": [0, 22, 0.9]
				},
				{
					"name": "Rleg",
					"parent": "legs",
					"pivot": [2, 14, 0],
					"cubes": [
						{"origin": [-0.3853, 8.62237, -2.16366], "size": [5, 5, 4], "pivot": [2.6147, 9.62237, -0.16366], "rotation": [-2.5, 0, 7.5], "uv": [22, 25]},
						{"origin": [-0.09158, 3.92588, 0], "size": [4, 7, 4], "pivot": [2.40842, 11.92588, 2], "rotation": [-14.95392, -1.08089, 2.61794], "uv": [0, 27]},
						{"origin": [0.1388, 2.73146, -1.39922], "size": [3, 2, 3], "uv": [40, 25]}
					]
				},
				{
					"name": "bone",
					"parent": "Rleg",
					"pivot": [3.91726, 15.56235, -0.10639],
					"cubes": [
						{"origin": [-0.70774, 13.06235, -1.85639], "size": [5.5, 4, 4.75], "pivot": [3.79226, 15.56235, -0.10639], "rotation": [-2.61794, 1.08089, -12.45392], "uv": [32, 0]}
					]
				},
				{
					"name": "Lleg",
					"parent": "legs",
					"pivot": [-2, 14, 0],
					"cubes": [
						{"origin": [-4.6147, 8.62237, -2.16366], "size": [5, 5, 4], "pivot": [-2.6147, 9.62237, -0.16366], "rotation": [-2.5, 0, -7.5], "uv": [22, 25], "mirror": true},
						{"origin": [-3.90842, 3.92588, 0], "size": [4, 7, 4], "pivot": [-2.40842, 11.92588, 2], "rotation": [-14.95392, 1.08089, -2.61794], "uv": [0, 27], "mirror": true},
						{"origin": [-3.1388, 2.73146, -1.39922], "size": [3, 2, 3], "uv": [40, 25], "mirror": true}
					]
				},
				{
					"name": "bone2",
					"parent": "Lleg",
					"pivot": [-3.91726, 15.56235, -0.10639],
					"cubes": [
						{"origin": [-4.79226, 13.06235, -1.85639], "size": [5.5, 4, 4.75], "pivot": [-3.79226, 15.56235, -0.10639], "rotation": [-2.61794, -1.08089, 12.45392], "uv": [32, 0], "mirror": true}
					]
				}
			]
		}
	]
}