{
	"format_version": "1.12.0",
	"minecraft:geometry": [
		{
			"description": {
				"identifier": "geometry.demonic_husband",
				"texture_width": 64,
				"texture_height": 64,
				"visible_bounds_width": 3,
				"visible_bounds_height": 3.5,
				"visible_bounds_offset": [0, 1.25, 0]
			},
			"bones": [
				{
					"name": "all",
					"pivot": [0, 22, 0]
				},
				{
					"name": "arms",
					"parent": "all",
					"pivot": [0, 27.4, -1.1]
				},
				{
					"name": "Larm",
					"parent": "arms",
					"pivot": [-3, 24, 0],
					"cubes": [
						{"origin": [-7.5, 14.5, -1.6], "size": [3, 6, 3], "pivot": [-6.5, 18.5, -0.6], "rotation": [0, 0, 20], "uv": [32, 36], "mirror": true},
						{"origin": [-5, 16, -1.1], "size": [2, 9, 2], "pivot": [-4, 23, -0.1], "rotation": [0, 0, 22.5], "uv": [0, 38], "mirror": true}
					]
				},
				{
					"name": "Rarm",
					"parent": "arms",
					"pivot": [3, 24, 0],
					"cubes": [
						{"origin": [3, 16, -1.1], "size": [2, 9, 2], "pivot": [4, 23, -0.1], "rotation": [0, 0, -22.5], "uv": [0, 38]},
						{"origin": [4.5, 14.5, -1.6], "size": [3, 6, 3], "pivot": [6.5, 18.5, -0.6], "rotation": [0, 0, -20], "uv": [32, 36]}
					]
				},
				{
					"name": "torso",
					"parent": "all",
					"pivot": [0, 23, 1],
					"cubes": [
						{"origin": [-3.5, 13, -2.25], "size": [7, 7, 4], "pivot": [0, 16.5, -0.25], "rotation": [5, 0, 0], "uv": [0, 16]},
						{"origin": [1.225, 15.25381, -2.33784], "size": [3, 4, 4], "pivot": [3.225, 17.75381, -0.33784], "rotation": [4.33287, 2.49762, -29.9055], "uv": [32, 8]},
						{"origin": [-4.225, 15.25381, -2.33784], "size": [3, 4, 4], "pivot": [-3.225, 17.75381, -0.33784], "rotation": [4.33287, -2.49762, 29.9055], "uv": [32, 8], "mirror": true},
						{"origin": [-3.5, 19.52993, -2.23823], "size": [7, 5, 4], "pivot": [0, 22.02993, -0.23823], "rotation": [-7.5, 0, 0], "uv": [22, 16]},
						{"origin": [-1.5, 9.9, -2.65], "size": [3, 4, 0.025], "pivot": [-0.5, 10.9, -1.65], "rotation": [-12.5, 0, 0], "uv": [18, 43]},
						{"origin": [-2, 24.25, -2.5], "size": [4, 1, 4], "uv": [16, 36]},
						{"origin": [0, 16, 1.25], "size": [0, 3, 8], "pivot": [0, 16, 2.25], "rotation": [-20, 0, 0], "uv": [33, 53]}
					]
				},
				{
					"name": "Head",
					"parent": "torso",
					"pivot": [0, 25.42278, -0.10176],
					"cubes": [
						{"origin": [-4, 25.17278, -4.35176], "size": [8, 8, 8], "uv": [0, 0]},
						{"origin": [-4.45, 24.69778, -4.82676], "size": [8.925, 8.95, 8.925], "uv": [0, 48]},
						{"origin": [0.75, 26.17278, -4.50176], "size": [3, 2, 0], "pivot": [2.25, 27.42278, -4.46426], "rotation": [0, 0, 2.5], "uv": [16, 27]},
						{"origin": [1, 26.42278, -4.52676], "size": [1, 1, 0], "uv": [17, 32]},
						{"origin": [1.25, 25.67278, -4.40176], "size": [3, 3, 0], "pivot": [2.25, 27.42278, -4.46426], "rotation": [0, 0, 2.5], "uv": [16, 29]},
						{"origin": [-2, 26.42278, -4.52676], "size": [1, 1, 0], "uv": [17, 32], "mirror": true},
						{"origin": [-3.75, 26.17278, -4.50176], "size": [3, 2, 0], "uv": [16, 27], "mirror": true},
						{"origin": [-4.25, 25.67278, -4.40176], "size": [3, 3, 0], "uv": [16, 29], "mirror": true},
						{"origin": [2.82738, 26.01647, -2.35176], "size": [6, 6, 0], "pivot": [5.82738, 29.01647, -2.35176], "rotation": [-15, -32.5, 25], "uv": [40, 30]},
						{"origin": [-8.82738, 26.01647, -2.35176], "size": [6, 6, 0], "pivot": [-5.82738, 29.01647, -2.35176], "rotation": [-15, 32.5, -25], "uv": [40, 30], "mirror": true}
					]
				},
				{
					"name": "bone",
					"parent": "Head",
					"pivot": [-2.27217, 33.3521, -4.51151],
					"rotation": [0, 15, 0],
					"cubes": [
						{"origin": [-3, 30.42278, -4.35176], "size": [2, 4, 2], "pivot": [-2, 30.42278, -3.35176], "rotation": [39.95392, 1.08089, -4.88206], "uv": [8, 38]},
						{"origin": [-3.27217, 33.3521, -5.51151], "size": [2, 4, 2], "pivot": [-2.27217, 33.3521, -4.51151], "rotation": [-50.04608, 1.08089, -4.88206], "uv": [8, 38]}
					]
				},
				{
					"name": "RWing",
					"parent": "torso",
					"pivot": [-1.3, 21.3, 1.6],
					"cubes": [
						{"origin": [-5.3, 12.3, -0.4], "size": [0, 9, 14], "pivot": [-5.3, 16.8, 6.6], "rotation": [-10, -37.5, 0], "uv": [36, 31]}
					]
				},
				{
					"name": "Lwing",
					"parent": "torso",
					"pivot": [1.3, 21.3, 1.6],
					"cubes": [
						{"origin": [5.3, 12.3, -0.4], "size": [0, 9, 14], "pivot": [5.3, 16.8, 6.6], "rotation": [-10, 37.5, 0], "uv": [36, 31], "mirror": true}
					]
				},
				{
					"name": "legs",
					"parent": "all",
					"pivot": [0, 22, 0.9]
				},
				{
					"name": "Lleg",
					"parent": "legs",
					"pivot": [-2, 14, 0],
					"cubes": [
						{"origin": [-4.8647, 6.62237, -2.16366], "size": [5, 7, 4], "pivot": [-2.8647, 9.62237, -0.16366], "rotation": [-2.5, 0, -7.5], "uv": [22, 25], "mirror": true},
						{"origin": [-4.91726, 13.06235, -1.85639], "size": [5.5, 4, 4.75], "pivot": [-3.91726, 15.56235, -0.10639], "rotation": [-2.61794, -1.08089, 12.45392], "uv": [32, 0], "mirror": true},
						{"origin": [-4.15842, 1.92588, 0], "size": [4, 7, 4], "pivot": [-2.65842, 9.92588, 2], "rotation": [-14.95392, 1.08089, -2.61794], "uv": [0, 27], "mirror": true},
						{"origin": [-3.3888, 0.73146, -1.39922], "size": [3, 2, 3], "uv": [40, 25], "mirror": true}
					]
				},
				{
					"name": "Rleg",
					"parent": "legs",
					"pivot": [2, 14, 0],
					"cubes": [
						{"origin": [-0.58274, 13.06235, -1.85639], "size": [5.5, 4, 4.75], "pivot": [3.91726, 15.56235, -0.10639], "rotation": [-2.61794, 1.08089, -12.45392], "uv": [32, 0]},
						{"origin": [-0.1353, 6.62237, -2.16366], "size": [5, 7, 4], "pivot": [2.8647, 9.62237, -0.16366], "rotation": [-2.5, 0, 7.5], "uv": [22, 25]},
						{"origin": [0.15842, 1.92588, 0], "size": [4, 7, 4], "pivot": [2.65842, 9.92588, 2], "rotation": [-14.95392, -1.08089, 2.61794], "uv": [0, 27]},
						{"origin": [0.3888, 0.73146, -1.39922], "size": [3, 2, 3], "uv": [40, 25]}
					]
				}
			]
		}
	]
}